date,future_10d_return,implied_kurt_c4,implied_mu,implied_skew_c3,implied_vol,spot_price
2021-01-04,0.056291390728476776,0.1585034544371762,0.09041844145932047,0.1923056331320339,0.05129962833582953,3.322
2021-01-06,0.019659624413145504,0.1340748642040326,0.0862959183268498,0.09801265502578989,0.054115344742529145,3.408
2021-01-08,0.013587742122000535,0.36573090920855106,0.08809480611756405,0.15128125818165677,0.06086782726615643,3.459
2021-01-12,-0.025518788558609007,0.1838346822653414,0.08995682214699051,0.14839475756627138,0.051113215711477936,3.566
2021-01-14,-0.018694276675294774,0.4111253404150363,0.09028050886056317,0.06711193539019628,0.08146600540784886,3.477
2021-01-18,-0.027643203191792476,0.36730363021477086,0.08969648480725087,0.10760122700030013,0.07177304417654967,3.509
2021-01-20,-0.009208633093525154,0.36631853045973384,0.08887726373453501,0.05272286947066443,0.06905679005078441,3.475
2021-01-22,0.00028522532800923095,0.4164672516878958,0.08917174020241447,0.08961927118388383,0.06707639656439565,3.506
2021-01-26,0.03683453237410084,0.44399245831386314,0.08888787332286671,0.022661876134086198,0.06455378124430884,3.475
2021-01-28,0.07415005861664725,0.4301701490315735,0.08769506924708384,-0.036878025598810794,0.0641636860047157,3.412
2021-02-01,0.03810082063305975,0.4223153159667452,0.08874851523620263,-0.018243496440254546,0.059801781703295656,3.412
2021-02-03,0.006099331977926115,0.014672617445427678,0.08850981498869473,-0.023468237166326976,0.04519415655701694,3.443
2021-02-05,-0.0239520958083832,0.017948560970618435,0.08759223586073568,-0.025946414675309944,0.04385950116680117,3.507
2021-02-09,-0.05911740216486261,0.021712559864072892,0.08594106174722355,-0.02766729141910766,0.038110498905673806,3.603
2021-02-18,-0.0772169167803547,0.3588685808447423,0.08289280512441402,-0.05650170643370489,0.07394040700782287,3.665
2021-02-22,-0.08046301524562383,0.39467638094740487,0.08735738780256859,-0.06077840254386986,0.06838827546637723,3.542
2021-02-24,-0.06986143187066973,0.38824611709184564,0.09047807125271914,-0.022714485995607797,0.06706041441435162,3.464
2021-02-26,-0.03359626059012566,0.418236775720553,0.0897878811477452,-0.039051694847872014,0.0703655190820262,3.423
2021-03-02,-0.03362831858407089,0.30720631291965167,0.08867137743217648,0.0383454685288806,0.05652053784031016,3.39
2021-03-04,-0.02897693672383217,0.25224744232480206,0.08891918107391811,0.050271732653270326,0.05885220232641692,3.382
2021-03-08,-0.010746085354620849,0.4737681491964227,0.08717136754443248,-0.03756587205033468,0.06339271063124544,3.257
2021-03-10,-0.019553072625698387,0.1055950657297268,0.08531583691853434,0.020036250659133514,0.09309783785496453,3.222
2021-03-12,-0.02841596130592494,0.021314193711386705,0.08264851638464321,-0.03696038666669625,0.08015596560590936,3.308
2021-03-16,-0.005799755799755668,0.241994147513313,0.08376472604570324,-0.1241423690475659,0.07772299784145748,3.276
2021-03-18,-0.006699147381242332,0.21293419900892285,0.08027260160573574,-0.1619011727998102,0.0749280199579887,3.284
2021-03-22,0.015518311607697122,0.38701292151968786,0.0822178284396516,-0.1624386587975819,0.07156814351479339,3.222
2021-03-24,0.030072807850585637,0.19794803349106266,0.08707282705249521,-0.17843760221322225,0.06747974825200033,3.159
2021-03-26,-0.013067828251400071,0.010761746438573683,0.08579139288738163,-0.01992528147851622,0.057830495223947176,3.214
2021-03-30,-0.029474976972674316,0.011552723303342585,0.0835181387568566,-0.01892587728341315,0.05379186622075592,3.257
2021-04-01,-0.037093807480073626,0.01054901339865927,0.08711293847439226,-0.018039848705245883,0.049118731526945215,3.262
2021-04-06,-0.023838630806845895,0.009741274788129382,0.0847043006366111,-0.015034363407470058,0.04519019014981817,3.272
2021-04-08,-0.021511985248924392,0.008282292571865059,0.08643941024216148,-0.011816806245579773,0.04024162308542858,3.254
2021-04-12,-0.0028373266078185466,0.006513838172658928,0.08936943610767419,-0.010198972669924766,0.038653152648364386,3.172
2021-04-14,0.0031635558367604233,0.012688178518408472,0.08656617343446738,-0.01932312344907896,0.06362590247395343,3.161
2021-04-16,0.014008277618592802,0.012096637508874424,0.08840517765269278,-0.019639477420388005,0.05996341682951496,3.141
2021-04-20,-0.026612398246712576,0.015038906828225812,0.08873158609073843,-0.02535398122733608,0.05862969387728328,3.194
2021-04-22,-0.015075376884422176,0.012230534483502168,0.08534293097578105,-0.020544763589293778,0.0578368294101224,3.184
2021-04-26,-0.014859310780904078,0.011671889336056784,0.08602120402564263,-0.01940843049732446,0.05575136304769482,3.163
2021-04-28,0.0179754020813625,0.010980740333218372,0.08774353999273106,-0.018826092258376975,0.05115540580122499,3.171
2021-04-30,0.006279434850863463,0.011321439509428603,0.08879872633471184,-0.018409375196127117,0.04793703857052923,3.185
2021-05-07,0.022193631392730673,0.006795227650783342,0.08929090027833525,-0.00856898445618609,0.040125774696527165,3.109
2021-05-11,0.060267857142857206,0.006681408014530825,0.09060129627741252,-0.008971743549221731,0.036025041689379284,3.136
2021-05-13,0.0738125802310654,0.026703841954896234,0.08927423733874196,-0.040369989041755296,0.06288561653464539,3.116
2021-05-17,0.030978934324659146,0.2851112284092977,0.08856428804658897,0.013607957967216797,0.06469981597570607,3.228
2021-05-19,0.0308892355694228,0.17329116769828412,0.08892406528104303,0.05469129653145397,0.05904307031819368,3.205
2021-05-21,0.03618628067967289,0.18079335716741635,0.0894965527757051,0.07790320792760189,0.05620735177692848,3.178
2021-05-25,-0.017443609022556483,0.32737486304476265,0.08963924483733426,0.08345427009335432,0.05869077583576369,3.325
2021-05-27,-0.01583980872683799,0.08799916984935187,0.09161065102257776,0.15704027006311766,0.0592371093387982,3.346
2021-05-31,-0.03215144230769229,0.11252589630114004,0.09204345893923956,0.14820170692108564,0.05589437572572635,3.328
2021-06-02,-0.036924939467312345,0.11165577055929729,0.09000689670656474,0.14609059543699243,0.04876548940297914,3.304
2021-06-04,-0.045854843607652684,0.08441839226353418,0.09060729059228882,0.12281748949487387,0.04418625879468993,3.293
2021-06-08,-0.02877257422711965,0.10143194244983143,0.09050948684978086,0.18306080585841286,0.04272530024085788,3.267
2021-06-10,-0.016398420892802967,0.07614473604745785,0.08996011480949652,0.11257521910155038,0.07136775785450085,3.293
2021-06-15,-0.0071406395529338695,0.10284685069645175,0.09203288295280068,0.09793904644118437,0.06613496415037955,3.221
2021-06-17,0.019798868636077938,0.3392289959811523,0.09133020371020029,-0.0542235299707616,0.06590308493897404,3.182
2021-06-21,-0.004455760661998709,0.43082495156739936,0.09132892217437136,-0.24820064468272512,0.06423392335642004,3.142
2021-06-23,-0.00787897888433653,0.01384120599826762,0.09201012523779939,-0.018696981418401117,0.05328740040881387,3.173
2021-06-25,-0.04507564062982394,0.17778450840198173,0.09237767269294837,0.233965757983626,0.05090942489874964,3.239
2021-06-29,-0.02157598499061908,0.19722206146591803,0.09272864657150191,0.2306737836078676,0.04768552043954782,3.198
2021-07-01,-0.03050847457627126,0.00866577307152884,0.07669242825534166,-0.011610175339655603,0.047042271047223215,3.245
2021-07-05,-0.0012787723785165905,0.007334855739108234,0.09083789321900246,-0.009980660497134268,0.04222184798617833,3.128
2021-07-07,-0.0060355781448538925,0.007429816251363941,0.09170609625228002,-0.008604043426577583,0.03848509062679751,3.148
2021-07-09,0.0019398642095054264,0.006095284049196698,0.09203136699378194,-0.006640827033954993,0.038047604094410895,3.093
2021-07-13,-0.07766059443911788,0.006383477968479129,0.09047063671478683,-0.007389584735145461,0.03463819904992422,3.129
2021-07-15,-0.06611570247933873,0.013547736061897476,0.09042127068540172,-0.016881642799174205,0.05875417456950026,3.146
2021-07-19,-0.05089628681177982,0.011827300620772502,0.091894157799174,-0.015602013967259878,0.0558107592226894,3.124
2021-07-21,-0.0460210930009588,0.011647189043539998,0.09023824770574311,-0.014877342748979415,0.05395557530468994,3.129
2021-07-23,-0.0461439173927074,0.009579950602123122,0.09201507058037031,-0.013964112954996498,0.052295059718702054,3.099
2021-07-27,0.05266805266805252,0.010386870423495157,0.09225893109899409,-0.011888668815456969,0.06610510998897781,2.886
2021-07-29,0.014976174268209741,0.008584649313749155,0.0885279494703149,-0.01490006199917722,0.0541646419548699,2.938
2021-08-02,0.006070826306914023,0.007539557973069685,0.08742468181062338,-0.012123076091197503,0.04835633210895748,2.965
2021-08-04,-0.012060301507537674,0.005976126179301827,0.0846442974238135,-0.009043560962388184,0.0446716692091824,2.985
2021-08-06,-0.038227334235453325,0.005323705297994721,0.08664585428025647,-0.007679714593368141,0.04017894301339916,2.956
2021-08-10,-0.0411454904542462,0.006839968696407827,0.08646991700993925,-0.011076447765394586,0.03821495420239745,3.038
2021-08-12,-0.04057679409792081,0.010293725393833556,0.08340235737995909,-0.013694199967764574,0.06005662738136066,2.982
2021-08-16,-0.03452899765336914,0.010238758952546074,0.08367622358449352,-0.012774582019857941,0.05753885067290145,2.983
2021-08-18,-0.005425567989148838,0.010533836732996345,0.08664134593358319,-0.01428221639432422,0.05520101118349072,2.949
2021-08-20,0.03341540626099193,0.13027805281738322,0.08678579785244689,-0.23603622016614897,0.06478731257989427,2.843
2021-08-24,0.03123927222794376,0.009804667577812416,0.0879043878583032,-0.01521904913287132,0.05271060737885864,2.913
2021-08-26,0.035651869975533046,0.009425506363170523,0.08838869148657622,-0.013096460811429908,0.05321001439099747,2.861
2021-08-30,0.042013888888888795,0.007535805240680368,0.08730347601438165,-0.012594939375660015,0.05086977485733149,2.88
2021-09-01,-0.0064780088646435585,0.008130258875267044,0.08736616308259318,-0.013352901812856338,0.04891563674646076,2.933
2021-09-03,-0.004084411164057222,0.0076452342830211975,0.08968186340344003,-0.011049867191730817,0.04690938080918639,2.938
2021-09-07,-0.036617842876165096,0.007148821755690811,0.08957355367344895,-0.011251724288633063,0.04189513563066102,3.004
2021-09-09,0.0023624704691191933,0.014617580958524001,0.08939007795373331,-0.02120656350647792,0.0738530574028614,2.963
2021-09-13,-0.009996667777407486,0.15124180272299542,0.08921331402905207,0.08733425170897832,0.0712745249941832,3.001
2021-09-15,0.03431708991077542,0.013689375762224539,0.09009276796936795,-0.022562823317726143,0.06962219982567017,2.914
2021-09-17,0.03007518796992459,0.013787918870111984,0.09092712021472212,-0.023319810944769502,0.06546820270126985,2.926
2021-09-23,0.04492052522460255,0.010632845127854992,0.09071973896752544,-0.018853295782514386,0.062386400346196046,2.894
2021-09-27,0.0063973063973061794,0.01049918758499058,0.0867839698604503,-0.01824788881492871,0.056099572639694444,2.97
2021-09-29,0.013800067317401465,0.010797037840193112,0.0905940659023458,-0.01849870334222574,0.05612380147031069,2.971
2021-10-08,0.01725282017252816,0.007445893348671702,0.08951647764507024,-0.01100918880395179,0.04191347089978964,3.014
2021-10-12,0.010285335102853344,0.006685924489544241,0.08930671148528199,-0.009977758698076825,0.036788105428601156,3.014
2021-10-14,-0.006283068783068835,0.015463115306075718,0.09199383710128689,-0.0168521132753872,0.06223697620270343,3.024
2021-10-18,0.00635664101706257,0.011332493761758298,0.09043034878105141,-0.018413096264758424,0.060881953598177156,2.989
2021-10-20,-0.02257636122177953,0.010814934520606327,0.09074268728300401,-0.016492758545933787,0.05571245288002266,3.012
2021-10-22,-0.03261578604044346,0.013176729024099852,0.09102574525580062,-0.016693422220795517,0.054635143282888134,3.066
2021-10-26,-0.0315270935960591,0.010611054389161975,0.0900849694789898,-0.01646420354196709,0.05209665354871464,3.045
2021-10-28,-0.0033277870216305017,0.009298866710085937,0.09094127799736135,-0.015273927107599205,0.04952012437174695,3.005
2021-11-01,-0.007646276595744683,0.008106075643689429,0.09152135060366472,-0.013522018274636052,0.04641799355816519,3.008
2021-11-03,0.0078125,0.0072335019927005475,0.09097120496130652,-0.012287738282493754,0.04820796107021512,2.944
2021-11-05,0.0020229265003370855,0.00600409381877051,0.09179273890345868,-0.00809081439668769,0.0405145952039778,2.966
2021-11-09,0.011190233977619757,0.005362685999745814,0.09018567121978335,-0.007181906678502393,0.03859917361260649,2.949
2021-11-11,-0.0063439065108514825,0.351107711735988,0.07745358520465488,0.05000236124089184,0.0657369198946398,2.995
2021-11-15,-0.012395309882747063,0.00699674814253672,0.07772384665402368,-0.009098066937858446,0.06032708446606721,2.985
2021-11-17,-0.008426019548365304,0.008255432446243499,0.07825467262782919,-0.012285642021364524,0.05812745915974389,2.967
2021-11-19,0.0020188425302827273,0.5038387739217235,0.07817700404167988,-0.10451020367972846,0.0577913226395792,2.972
2021-11-23,0.010060362173038184,0.008059816099036405,0.07814837020550003,-0.010906253444830228,0.049617243398356776,2.982
2021-11-25,0.04334677419354849,0.0064862941990783875,0.07893898076231586,-0.006862893041128762,0.04483757788796782,2.976
2021-11-29,0.053934871099050374,0.007143663937365422,0.0775982194851578,-0.00738609758953767,0.04224807815744605,2.948
2021-12-01,0.04044867437117605,0.00848070959390575,0.0790800818291745,-0.006982746210987143,0.03907426821758307,2.942
2021-12-03,0.01578240429818667,0.002371453021790428,0.07779124030087206,0.0012100638432452284,0.03364448331091822,2.978
2021-12-07,0.0019920318725099584,0.004671790953917057,0.0761278464777469,-0.003938721069818004,0.03187197428935623,3.012
2021-12-09,-0.022866344605475097,0.37786020018353095,0.07996661657392946,0.07958338963302412,0.06636443024165538,3.105
2021-12-13,-0.025748310267138752,0.11516471596258152,0.08095875693665962,0.12674320514917964,0.059067625162707936,3.107
2021-12-15,-0.02384841555047368,0.17907654864984804,0.08113167798050223,0.10753154217462885,0.0550988841524788,3.061
2021-12-17,-0.002975206611570247,0.3055190405911349,0.08314577031378895,0.10949509153783618,0.05462740755457319,3.025
2021-12-21,-0.005301524188204065,0.42019173222603035,0.08268301073375048,0.053067551713649234,0.0532436244599301,3.018
2021-12-23,-0.020764667106130452,0.3075148877409755,0.08114187001206424,0.13646137100363642,0.046654345909927945,3.034
2021-12-27,-0.021803766105054634,0.01429433990531769,0.08115750302862688,-0.012718967174923733,0.043928231194615766,3.027
2021-12-29,-0.018406961178045522,0.012678245107876547,0.08111307391423513,-0.013158498602031438,0.04802630459110607,2.988
2021-12-31,-0.03846153846153855,0.21166418464511788,0.08023038477260493,0.15924896496321087,0.04451191477209908,3.016
2022-01-05,-0.021985343104596877,0.011520659202326082,0.07876494662452016,-0.012768041240670647,0.042046684807622414,3.002
2022-01-07,-0.0003365870077414179,0.008752378311148428,0.07860057004488812,-0.008756592865692291,0.038523422669743464,2.971
2022-01-11,-0.020938872002701725,0.010014138367546992,0.07830683530076162,-0.013014532483812992,0.034973499461958726,2.961
2022-01-13,-0.018752130923968546,0.009328893926187316,0.08076183083409078,-0.01219412008664512,0.06027118048786764,2.933
2022-01-17,-0.011379310344827531,0.27373931230000065,0.07893685153646719,-0.1901710971379638,0.05784866879497461,2.9
2022-01-19,-0.01566757493188009,0.008470767929498838,0.07937043171840326,-0.010035568819441315,0.05249095972444243,2.936
2022-01-21,-0.02592592592592602,0.007600907859204739,0.07880676238403406,-0.008774301659413706,0.05107017786105041,2.97
2022-01-25,-0.009313556398758194,0.007398392779885287,0.07781722526745276,-0.012642155932533497,0.05741891258411006,2.899
2022-01-27,0.0038220986796384526,0.006896552825191023,0.07744996670393293,-0.011326268882054045,0.05399128106556239,2.878
2022-02-07,0.011510289501220683,0.0050570980255004476,0.07750438222673926,-0.007949076120873578,0.03956236811029602,2.867
2022-02-09,-0.006228373702422241,0.21065099586221786,0.0783033404340192,-0.11513485976970701,0.060045812947854285,2.89
2022-02-11,-0.021431040442447258,0.018156889912265346,0.07832853045717136,-0.02287714942110914,0.05492681055987544,2.893
2022-02-15,0.0013927576601671099,0.10116186686182954,0.07736826342957248,-0.19080972338713958,0.05464868825468572,2.872
2022-02-17,-0.013153340256143897,0.23315289046071616,0.07801668428031648,-0.22526289389814563,0.050689675255267484,2.889
2022-02-21,-0.05620689655172406,0.013464769903879875,0.07805196890285716,-0.010522637031859626,0.04491561173544803,2.9
2022-02-23,-0.06894150417827294,0.014072185928239767,0.07778600119766639,-0.014711936310538343,0.04433226538585583,2.872
2022-02-25,-0.04380077711056163,0.15138473413966383,0.07687250341190627,-0.23372941830382588,0.046364791992693534,2.831
2022-03-01,-0.1345618915159944,0.009485943009738868,0.07840532736619638,-0.009078618644243634,0.039713259145334856,2.876
2022-03-03,-0.07155384075762894,0.01087946703346627,0.07738660022715817,-0.01388959041319605,0.03951469554558496,2.851
2022-03-07,-0.02740226525392775,0.011261846712269485,0.07624419008832303,-0.01210550663649157,0.04616776346468657,2.737
2022-03-09,0.004487658937920802,0.296860786656896,0.0766595489924122,-0.18736650917161596,0.09092139302213374,2.674
2022-03-11,-0.028814185445142138,0.32202887731982593,0.0743695876128892,-0.2234697555271035,0.08266249895733858,2.707
2022-03-15,0.05062274005624756,-4.23261472474074e-05,0.05659445729095825,0.0010846850872638333,0.11124619402488027,2.489
2022-03-17,0.008311295806573638,0.38679139445553384,0.07065076926010323,-0.30288997547783736,0.08440153762233958,2.647
2022-03-21,0.013148009015777617,0.10608967438808138,0.07072486614592076,-0.20998885508672124,0.07347877450652571,2.662
2022-03-23,0.003350707371556183,0.14643721655893394,0.0704461678825598,-0.2044528893329671,0.06163841114596159,2.686
2022-03-25,0.013313046785850213,0.20319420064485771,0.07253156833257067,-0.3004772771452955,0.06278441664115278,2.629
2022-03-29,0.03135755258126194,0.2558539736332503,0.07534869590444918,-0.34780414821285516,0.0640218271006918,2.615
2022-03-31,-0.0033720494567253123,0.011820233306289174,0.07748888452193542,-0.015175378320045937,0.052971889241349136,2.669
2022-04-06,-0.03262884686688916,0.010273065447312643,0.07440976658328222,-0.012897461836984148,0.046931823000525986,2.697
2022-04-08,-0.039332096474953615,0.00919721009128227,0.07617685822180989,-0.012631243668429146,0.04510049770194587,2.695
2022-04-12,-0.07357357357357364,0.008675781881181411,0.07573019632219481,-0.013846653369972919,0.04475051005455475,2.664
2022-04-14,-0.05561735261401557,0.1476895042582945,0.07728292271633104,-0.2559883039947523,0.06928734328744864,2.697
2022-04-18,-0.03157894736842104,0.11204502800738604,0.07567963991558685,-0.21608129965646983,0.06849471033761587,2.66
2022-04-20,-0.049444231506324265,0.09169082729498398,0.0773464755020177,-0.18979611983691969,0.07243780203141988,2.609
2022-04-22,-0.02587871765160299,0.21624670018921643,0.07564644737711412,-0.3183687705797453,0.07421264871980585,2.589
2022-04-26,0.024311183144246407,0.44555636414176764,0.07464697459889545,-0.3715171377156054,0.09072324147697006,2.468
2022-04-28,-0.004711425206124886,0.29746528208447837,0.07541393288072284,-0.371056821269023,0.06440009183080252,2.547
2022-05-05,-0.01979813664596275,0.20140394297887695,0.07592852958897904,-0.30429762365711316,0.05324374716642189,2.576
2022-05-09,0.032258064516129004,0.003997883620605715,0.07531380162168397,-0.009100711106928706,0.05306273369514106,2.48
2022-05-11,0.0007930214115781098,0.3212563377178115,0.07376814280645738,-0.2319486352295343,0.08265363161225983,2.522
2022-05-13,0.005537974683544222,0.252084909629853,0.07520042979282036,-0.21649134072842016,0.0786791667850054,2.528
2022-05-17,0.020118343195266064,0.12762764349052377,0.07490663547567962,-0.22823998205934964,0.07112389367370246,2.535
2022-05-19,0.019009900990099027,0.14391581728523617,0.07528730022911825,-0.24862109241844507,0.06671585316621838,2.525
2022-05-23,0.023828124999999867,0.10164187106489428,0.07487984968138366,-0.20328121546254532,0.059661774439390684,2.56
2022-05-25,0.047147385103011086,0.10317718697422434,0.07648248720672253,-0.20414043029127474,0.05785351570025053,2.524
2022-05-27,0.033044846577497955,0.009433883694017176,0.07627215539108506,-0.018584580111045863,0.05099455553752329,2.542
2022-05-31,0.04369682907965977,0.009769410194422765,0.07683374135918429,-0.019626715582696755,0.048998703830124855,2.586
2022-06-02,0.05441119315973575,0.010032198455672202,0.075290343934729,-0.017303468689465747,0.04541365381076509,2.573
2022-06-07,0.03510110644792075,0.01198874880529402,0.07720194522985338,-0.020061121085781994,0.042619225646653255,2.621
2022-06-09,0.030268634127885052,0.013945914928852922,0.07560945412221524,-0.013815983346081563,0.07478745608926435,2.643
2022-06-13,0.06397562833206405,0.012231567508902379,0.07549993898559018,-0.014362895390243083,0.07310091527172304,2.626
2022-06-15,0.0359392367543534,0.015625557270395753,0.07515886830677385,-0.014376902781653862,0.07613194470134879,2.699
2022-06-17,0.04423147806855887,0.015528807745430862,0.07563043635913255,-0.012781039348534676,0.0729075848788531,2.713
2022-06-21,0.045705860670844034,0.014072317396976643,0.07487697729198886,-0.01491922067438969,0.06684091193818181,2.713
2022-06-23,0.021300036724201332,0.013139557610214354,0.07419112077933847,-0.012367915294187907,0.06128822840334704,2.723
2022-06-27,-0.01825340014316401,0.014024729069620025,0.07443994978888446,-0.013821839525023902,0.05981176218290965,2.794
2022-06-29,-0.02753934191702434,0.01325363104899718,0.0742691999804026,-0.014228202369255417,0.058895965917635226,2.796
2022-07-01,-0.06071302506177201,0.013452901902871307,0.07586899119530797,-0.01420968578373711,0.05799342227695401,2.833
2022-07-05,-0.0532252379273882,0.01237402122684845,0.07514399511676079,-0.015937021127542993,0.05518293728567313,2.837
2022-07-07,-0.042790363178712765,0.010535364041352177,0.07674688488358107,-0.015607661155827962,0.04972988713143933,2.781
2022-07-11,-0.02807145461173899,0.00929801004045678,0.07646659553500304,-0.01293003692009023,0.04448655961413408,2.743
2022-07-13,-0.02317028319235004,0.008706408866197578,0.07636508293429287,-0.012503204514044363,0.06943469369197042,2.719
2022-07-15,-0.015407741450582435,0.0036063151905516167,0.07524670513257022,-0.0050801175757715835,0.06766148914762612,2.661
2022-07-19,-0.044676098287416255,0.09580893944010957,0.07635278584213982,-0.17946839945816406,0.06500582844348414,2.686
2022-07-21,-0.03343350864012018,0.006769336462382718,0.07649572235584867,-0.01005598469134993,0.06096553374357075,2.662
2022-07-25,-0.027006751687921993,0.10234358370157776,0.07697270026015206,-0.19916080191579755,0.05775704658515252,2.666
2022-07-27,-0.034638554216867457,0.006404537815832575,0.07700621986099614,-0.0075664886393876475,0.0523731159895839,2.656
2022-07-29,0.0026717557251907387,0.003431774057352492,0.07669533601416413,-0.00562322605057868,0.053782360082662996,2.62
2022-08-02,0.013250194855806807,0.22576055519133165,0.07576316513913862,-0.3225714874001712,0.06448708832843457,2.566
2022-08-04,0.006995724834823358,0.006398221615713917,0.07754076387015729,-0.009634196167355192,0.046430842431012795,2.573
2022-08-08,-0.002698535080955966,0.0054927262467402175,0.07755860504318929,-0.0076972104571402765,0.03859240587082391,2.594
2022-08-10,-0.007800312012480548,0.11507116748748031,0.07659879617739287,-0.17041593292585147,0.07114167541071571,2.564
2022-08-12,-0.01484583174724008,0.016238906965349187,0.07872723541180628,-0.016894243706488222,0.06586082405444947,2.627
2022-08-16,-0.013846153846153841,0.013435121789572277,0.07789960054554529,-0.014529689387428492,0.06176309087915963,2.6
2022-08-18,-0.007719027402547263,0.010251589678780948,0.07798637230298548,-0.01069398340565013,0.06140447863338291,2.591
2022-08-22,-0.018554310011596464,0.011433900283162747,0.07819838342117479,-0.014054000146344125,0.05518734019740219,2.587
2022-08-24,0.0027515723270441494,0.15722359443668743,0.07730693834893018,-0.2153122650793034,0.0565510337842703,2.544
2022-08-26,0.0023183925811436357,0.00936213429695069,0.07821564656288632,-0.011028852277221925,0.04772241936810694,2.588
2022-08-30,0.007410296411856532,0.008667664580097274,0.07745811681258609,-0.010989448071488333,0.046708431193426124,2.564
2022-09-01,-0.018669778296382722,0.008480407841950217,0.077318393026197,-0.011097196957540223,0.04642383226712619,2.571
2022-09-05,-0.009846396218983977,0.008328893448303232,0.07701545214835047,-0.0118989328845997,0.046965520785355166,2.539
2022-09-07,-0.030576244609957004,0.006815442760947452,0.0777268933063608,-0.009558514787656446,0.04069031663374752,2.551
2022-09-09,-0.0520431765612952,0.006229221984687809,0.07804270498277562,-0.006939186733448704,0.035052401584592274,2.594
2022-09-14,-0.04916763453348827,0.009078970293380608,0.07966561970472168,-0.00822439222385751,0.05686531764990232,2.583
2022-09-16,-0.026952041220768996,0.003614566744908206,0.08010505022310475,-0.005747637568268229,0.060052997799063375,2.523
2022-09-20,-0.05011933174224337,0.006867883004698544,0.0801129419713013,-0.010486377806195433,0.05589919883943851,2.514
2022-09-22,-0.03962798220784469,0.003236290183750233,0.07941008865692403,-0.006282339690896455,0.057372961057207655,2.473
2022-09-26,-0.011793411956079636,0.00510030731999457,0.07866633897197134,-0.008853555144319226,0.05565503651705678,2.459
2022-09-28,-0.03542345276872949,0.004867573435831139,0.07923230437175903,-0.007778967977404519,0.051443449260715285,2.456
2022-09-30,-0.04643584521384925,0.004540801303457853,0.07804914623538861,-0.006135005150343249,0.04629608471033114,2.455
2022-10-11,-0.0569514237855947,0.0024093985685503428,0.07853693879321605,-0.00270157963609438,0.04035975132276086,2.388
2022-10-13,-0.05642105263157893,0.001752392906461424,0.07917572306352998,-0.004177281090865884,0.06963921149557363,2.375
2022-10-17,-0.11069958847736627,0.009369376973926972,0.07851621392993588,-0.010464357830223594,0.059868696801784964,2.43
2022-10-19,-0.039679189531448,0.004679847044605473,0.0780112075500884,-0.007136014575990631,0.058271914420080534,2.369
2022-10-21,-0.008543357539513075,0.0021685652897397247,0.07738963671397876,-0.0046820547830975995,0.0609481231850611,2.341
2022-10-25,0.027087033747779987,0.0017928527762243259,0.07764228312839506,-0.0048836734300079995,0.06690352237729501,2.252
2022-10-27,0.025881302989736676,0.0014306638012710619,0.07674121232524939,-0.003599485781975061,0.05987849731620397,2.241
2022-10-31,0.10411846367422495,0.001292960245594482,0.07515733475940306,-0.0034891850790708667,0.06565392255635465,2.161
2022-11-02,0.06461538461538474,0.004750398786634686,0.07673119718257519,-0.007869962907772535,0.050424668078537974,2.275
2022-11-04,0.03360620422231797,0.005456194164086109,0.07707824323616869,-0.008970578924485837,0.048012973868737756,2.321
2022-11-08,0.029399048854301668,0.0044084647261399745,0.07708042713834272,-0.007174280983063721,0.04366046450685807,2.313
2022-11-10,0.030882992605480775,0.2101126615838201,0.06301500901528621,0.09619838267170601,0.07991831274457092,2.299
2022-11-14,-0.013830678960603526,0.4742769168776104,0.061223501986735415,-0.04295616105024361,0.08348137978834112,2.386
2022-11-16,0.011560693641618602,0.5100071907141651,0.062303606675780734,0.02458550155081401,0.08143804609053724,2.422
2022-11-18,0.025010421008753614,0.5146750892587074,0.06267938439733034,0.001475673459982358,0.07607626305432502,2.399
2022-11-22,0.060478790424191686,0.41794229818293027,0.06191909294331229,0.014876738326771518,0.07187579195763032,2.381
2022-11-24,0.06118143459915615,0.3497773038650208,0.0638132622871193,0.07206829659638861,0.06914241422942528,2.37
2022-11-28,0.06842328941776432,0.20756851273176596,0.0629837734863972,-0.22418127221625506,0.06807388077691844,2.353
2022-11-30,0.033877551020408125,0.00821146245063207,0.06237048252711878,-0.008879607259918522,0.06579747424811898,2.45
2022-12-02,0.02887352582350533,0.017206342164189658,0.06391867990765371,-0.019032865353924858,0.05559183131896438,2.459
2022-12-06,-0.030099009900990126,0.018129086206179194,0.06089023844645183,-0.022616252662743995,0.05264758380849996,2.525
2022-12-08,-0.017892644135188873,0.017206076445257,0.062809751816486,-0.020811206396840025,0.048976564300138095,2.515
2022-12-12,-0.02386634844868718,0.01614292941024985,0.06305451839385823,-0.023081417334256157,0.04436519282721658,2.514
2022-12-14,-0.017370706671930525,0.02424069886820871,0.06342299468007472,-0.016223422950801345,0.06927137933738768,2.533
2022-12-16,-0.016205533596837962,0.01932828241916118,0.06452439099516215,-0.012723527121688501,0.06379659773791756,2.53
2022-12-20,0.02041649652919575,0.020373072560346234,0.065206451404817,-0.019744339703875687,0.06408884745467079,2.449
2022-12-22,0.036437246963562764,0.014899386214970495,0.06350252534554628,-0.012600226318328562,0.05832912744956836,2.47
2022-12-26,0.04971475142624282,0.01644335426657157,0.06618296519683492,-0.015905457311611398,0.05741411998659483,2.454
2022-12-28,0.0393732422659705,0.01885508307647192,0.0652455565438178,-0.018056347871689526,0.051659751699688596,2.489
2022-12-30,0.07472880674969873,0.015948766062972613,0.06608163183508668,-0.01486139358664154,0.04763999639022992,2.489
2023-01-04,0.05962384953981603,0.014010816832303347,0.06361522550118164,-0.013755348335428408,0.0437023016055867,2.499
2023-01-06,0.04531250000000009,0.01575919115714911,0.06382622505524252,-0.011799314643389711,0.04258633850185109,2.56
2023-01-10,0.02795031055900621,0.013896245298343938,0.06327676727668899,-0.013092219806742378,0.0407361065828587,2.576
2023-01-12,0.025512176265945152,0.013899890203274784,0.06226763437671233,-0.012543030999023697,0.03674096267766312,2.587
2023-01-16,-0.03813084112149523,0.012355731181145468,0.0637112393693378,-0.006389822926024127,0.06045143543550859,2.675
2023-01-18,-0.02794561933534756,0.1974750258909655,0.06521354693805359,0.19249989765350958,0.059939556687477656,2.648
2023-01-20,-0.032137518684604016,0.14112913930665677,0.062047674691369833,0.20895056592090247,0.057274309020159654,2.676
2023-01-31,-0.011706948640483383,0.008168427141986572,0.06539461459536504,-0.007972733870668063,0.0451449836334909,2.648
2023-02-02,-0.026008292499057672,0.006947372554375265,0.06269485182940934,-0.007222099295035723,0.044357325115848126,2.653
2023-02-06,0.0217644772638943,0.0041240700918670666,0.06270673762878771,-0.005473133448384306,0.04238981399172185,2.573
2023-02-08,0.012820512820512997,0.006907148001963345,0.06292730495165469,-0.0050236241782710194,0.06436627398127992,2.574
2023-02-10,-0.007335907335907166,0.006745246155783014,0.06361438732950607,-0.003184590838203738,0.059980205517517864,2.59
2023-02-14,-0.014138326327856277,0.012670719482212362,0.06381513641466072,-0.008081876242165012,0.05593952202181082,2.617
2023-02-16,0.009287925696594534,0.02193025448091241,0.06429978921083461,-0.02391888717962796,0.053826090594809854,2.584
2023-02-20,-0.0174971472042601,0.02327487347737129,0.06405478476921181,-0.021762147948510994,0.05386778949480415,2.629
2023-02-22,-0.028001534330648448,0.019480303148306833,0.06423935298798941,-0.018902584147664214,0.04976880696203378,2.607
2023-02-24,-0.0346168805912096,0.016813313968793233,0.06308033391489527,-0.020583403244036378,0.04886584109905977,2.571
2023-02-28,-0.03449612403100777,0.014610861854555549,0.06448501001419231,-0.01783687001139858,0.043962459509336575,2.58
2023-03-02,-0.05368098159509205,0.013935903584389592,0.06416591012217265,-0.01601753220545286,0.0412957693790326,2.608
2023-03-06,-0.04684475416182732,0.011931520265356387,0.06324102614592834,-0.01603615605232247,0.037517326342030394,2.583
2023-03-08,-0.015390686661404751,0.0037401336131256163,0.06411602103151944,-0.004031970337846696,0.06505971082822488,2.534
2023-03-10,0.006849315068493178,0.0013432784707173022,0.06425112048623233,-0.0014663036651080897,0.06535659507740355,2.482
2023-03-14,-0.002810116419108888,0.003823083450183497,0.06492386242323937,-0.00600419755204908,0.06258378334427704,2.491
2023-03-16,0.017017828200972307,0.0027874336316879404,0.06558756622919336,-0.005174930759935971,0.059777763729867796,2.468
2023-03-20,0.019496344435418145,0.0024188235951457427,0.06416353698857531,-0.0033350041552500606,0.057413639836206946,2.462
2023-03-22,0.005611222444889652,0.005324699778394595,0.06417505665123256,-0.006990962374900953,0.052677030050022555,2.495
2023-03-24,0.011204481792717047,0.004816818147711039,0.06465425783482882,-0.006188950284870372,0.047640383550882695,2.499
2023-03-28,0.009661835748792313,0.004213543363597433,0.06442993259643938,-0.005285461532141905,0.04564181276075258,2.484
2023-03-30,0.004780876494023811,0.0049139460372877196,0.06392047862455194,-0.005470451195328744,0.04281786113031162,2.51
2023-04-03,0.028685258964143534,0.004067360409572904,0.0640761731714187,-0.00565366293526251,0.042259706845236535,2.51
2023-04-06,0.013152650458349902,0.0035002226960041257,0.06296586489753876,-0.004717513404402693,0.04005897140602816,2.509
2023-04-10,-0.024930747922437768,0.0031522711929291756,0.06395118761486743,-0.004486628553577904,0.03370365686231045,2.527
2023-04-12,-0.018740031897926723,0.005308842062112568,0.06485193196426474,-0.00419226332440165,0.05188213382808153,2.508
2023-04-14,-0.0015860428231562196,0.006132862097867425,0.06379888896292128,-0.0040542358748094694,0.049157178960465626,2.522
2023-04-18,-0.022463206816421333,0.00832752169895981,0.0646425978588459,-0.005493877923778473,0.047423966942716174,2.582
2023-04-20,0.0,0.007502885135321028,0.06697730613011425,-0.004960123264241361,0.04463230476126274,2.542
2023-04-24,0.01745129870129869,0.0027220645213594913,0.06523621120611899,-0.0034184778444219153,0.04757594831637278,2.464
2023-04-26,0.023161316537992693,0.003745174194924576,0.0651364254866277,-0.004539908826483044,0.04417395918510987,2.461
2023-04-28,-0.011517077045274049,0.004620475062318793,0.06398906182970325,-0.00503611705506368,0.03776215493323297,2.518
2023-05-05,-0.019413629160063395,0.0036495931993504645,0.06394147371152284,-0.004626259704231066,0.03377158166060923,2.524
2023-05-09,-0.03265145554681348,0.003604858785924555,0.0638800182372941,-0.004740375212093484,0.031958616280865756,2.542
2023-05-11,-0.038691663342640625,0.010539275471152527,0.06597939269961745,-0.006171575830934009,0.05488853704229723,2.507
2023-05-15,-0.04765687053216827,0.013760474814299904,0.0663885910688162,-0.007808598416881505,0.05335726534191682,2.518
2023-05-17,-0.05624748895138598,0.021809597789294286,0.06705499363325484,-0.02072180591626445,0.05514810293095924,2.489
2023-05-19,-0.032727272727272716,0.012476457331948486,0.06643569860298511,-0.01109582388697353,0.05084873577783062,2.475
2023-05-23,-0.03619357462383077,0.007497584046141608,0.06592766437015805,-0.007447185962873024,0.048212902224748055,2.459
2023-05-25,-0.00705394190871389,0.013968283283859921,0.06490486250670638,-0.017071295957538844,0.04996589929431005,2.41
2023-05-29,0.0008340283569641116,0.006032032451474503,0.06584538648387374,-0.004921655151208068,0.046134932400683296,2.398
2023-05-31,0.025117071094082455,0.005425231785098342,0.06578760532413228,-0.003972639399568731,0.04784435375037715,2.349
2023-06-02,0.03007518796992481,0.009870168735703108,0.06452848294298555,-0.008668253066384768,0.042212322236219464,2.394
2023-06-06,0.02320675105485215,0.0071843117993968565,0.0644914969954305,-0.008266467840315322,0.04026678897641075,2.37
2023-06-08,-0.008357709987463213,0.007931861104726733,0.06383728412292347,-0.008579267136896822,0.03878396365710028,2.393
2023-06-12,-0.0016666666666667052,0.012971999549521772,0.06358373911132352,-0.016392544778312555,0.03330357130033121,2.4
2023-06-14,-0.00830564784053156,0.004864605735130049,0.0645784348705113,-0.003921342299494042,0.05343563478261419,2.408
2023-06-16,-0.01540957015409583,0.007542842279067915,0.06462655361687565,-0.004512682227603549,0.04953800890341264,2.466
2023-06-20,-0.011958762886597918,0.0059693934703988465,0.06498203310551484,-0.0053811949241704,0.04732060848593036,2.425
2023-06-26,0.010535187526337975,0.003638113689734899,0.06539676439134444,-0.004285505387069391,0.04786730250495065,2.373
2023-06-28,0.007095158597662632,0.004018030635571116,0.0646396989675031,-0.00435475710426719,0.04214460538526795,2.396
2023-06-30,0.02638190954773867,0.0033453899869542443,0.0651036398621347,-0.0034585319268401315,0.03947908234813768,2.388
2023-07-04,-0.0012355848434926209,0.003680735846011582,0.06337266689080158,-0.003710261172886378,0.034023483286501205,2.428
2023-07-06,0.01001669449081799,0.0025426986479682467,0.06343722767878368,-0.0030300718304646377,0.03374655552600546,2.396
2023-07-10,0.00792326939115906,0.0037610991589780737,0.06330136935575588,-0.005124971432613129,0.030879605225455877,2.398
2023-07-12,0.032739328636552045,0.004756339852897203,0.06498771259753099,-0.0039015519847806074,0.050406795014046095,2.413
2023-07-14,0.04528763769889821,0.005243988729427212,0.0656111172256302,-0.003861391854699651,0.047580251632867686,2.451
2023-07-18,0.05484536082474234,0.003615488702100882,0.06548195850250885,-0.0033025518233212583,0.04600774756188188,2.425
2023-07-20,0.057024793388429806,0.004668190512190712,0.06588501547434522,-0.004490846481465513,0.046939610454419425,2.42
2023-07-24,0.055026892842366504,0.004111570124776749,0.06523776987670006,-0.00437161164338082,0.042621191918605555,2.417
2023-07-26,0.021268057784911587,0.005913319805709753,0.06403877100166698,-0.004582119010893612,0.042094647588508984,2.492
2023-07-28,-0.031225604996096612,0.007462057823664252,0.0633196739370675,-0.0038641576034916447,0.04366373843263083,2.562
2023-08-01,-0.036747458952306467,0.005999172566016979,0.06416136728818984,-0.005303872268722499,0.04320169698683895,2.558
2023-08-03,-0.041438623924941353,0.005457745445040653,0.06345801645110999,-0.0048799911801354415,0.04221427720182772,2.558
2023-08-07,-0.06156862745098046,0.0038506218087368304,0.06424950980602535,-0.004062109565542221,0.039757828464517204,2.55
2023-08-09,-0.06404715127701366,0.06649855932564051,0.0672475385067358,0.16123284641098004,0.0656168336062542,2.545
2023-08-11,-0.029814665592264422,0.10373265546275916,0.06677315467126337,0.15609660575449044,0.06504389285712127,2.482
2023-08-15,-0.006493506493506551,0.008798589222360707,0.0658148134348336,-0.007232166290200213,0.0596637162765725,2.464
2023-08-17,-0.0077487765089723215,0.008669187210513267,0.06647368517788067,-0.007356860029586588,0.06044568131276631,2.452
2023-08-21,0.04346009193480982,0.004999117982663615,0.06504371988859951,-0.004664738018758469,0.06450147774655726,2.393
2023-08-23,0.04030226700251882,0.004254155228927273,0.06317988802625905,-0.0027964439920640984,0.06056418024965331,2.382
2023-08-25,0.01287375415282388,0.004968040527081902,0.0643163245079968,-0.004726654793882541,0.05975480721184331,2.408
2023-08-29,0.001225490196078427,0.13224314906433884,0.06516773493306217,0.2047338130848476,0.05668999921870386,2.448
2023-08-31,0.006987258528565743,0.004857238226809175,0.06315324893664934,-0.00318839619070924,0.048722077500532146,2.433
2023-09-04,-0.018021625951141318,0.004773517095463273,0.06240825297294672,-0.00545034050726433,0.04234568064848688,2.497
2023-09-06,-0.015334947538337418,0.0037768473961292378,0.0638260575754943,-0.0037087739055522463,0.03979024244551327,2.478
2023-09-08,0.014760147601476037,0.003672213556404622,0.06359707373606345,-0.004093149336483589,0.04040038619551478,2.439
2023-09-12,-0.006527947776417742,0.00245263108375213,0.06364523929167486,-0.002984382393991921,0.03292643765559524,2.451
2023-09-14,-0.009387755102040818,0.004495936094531502,0.06412237679050034,-0.0027326482089542296,0.053264729737248315,2.45
2023-09-18,-0.019575856443719397,0.0066831253466674055,0.06498069484432323,-0.004931889513744597,0.05189994458351475,2.452
2023-09-20,-0.0024590163934424814,0.005621437403033017,0.06549641306694838,-0.005188102411986142,0.04835199628634977,2.44
2023-09-22,-0.03474747474747486,0.0066812025636968945,0.06485117748812921,-0.0051784963568684665,0.04884027263652644,2.475
2023-09-26,-0.01889117043121158,0.00497573091668813,0.06630188027151981,-0.0046761825196667845,0.04548309428685143,2.435
2023-09-28,-0.04779563246806762,0.004104026628388404,0.06419092397900238,-0.003364811355579673,0.043721432077722985,2.427
2023-10-10,-0.04284525790349403,0.003003163604223133,0.06390728428265338,-0.00394422909430931,0.03144859642144935,2.404
2023-10-12,-0.046425636811832316,0.0065019544973237515,0.06641668679792709,-0.0034645263643712423,0.04996652032309257,2.434
2023-10-16,-0.02009208874005841,0.003700007927969502,0.06557068828983886,-0.0029780259053509787,0.05072440099271958,2.389
2023-10-18,-0.017999162829635762,0.0033744589225720733,0.06464189793924445,-0.002798946107566133,0.04730383578972511,2.389
2023-10-20,0.02163565556036362,0.002951901649677488,0.06348001429725109,-0.002437771125098671,0.05593053195029541,2.311
2023-10-24,0.029552368535419316,0.002734128257602641,0.06463489380391545,-0.0027382979787274305,0.05099708596321544,2.301
2023-10-26,0.017664799655320973,0.0028235708488783644,0.06325794781629208,-0.0024865046198521775,0.042572189769705435,2.321
2023-10-30,-0.0029901751388295983,0.002821569977240991,0.0638944485762937,-0.0026813104535048852,0.03878577852775506,2.341
2023-11-01,0.002557544757033181,0.0024572507626709323,0.0629705624449105,-0.0026379423437006577,0.035938698559945595,2.346
2023-11-03,-0.015671325709445294,0.002415290823666904,0.06361157954869011,-0.002806880637540775,0.03204259723662485,2.361
2023-11-07,-0.011819333051920622,0.00389542109013955,0.06406092152066893,-0.005180697923949841,0.029917209229261707,2.369
2023-11-09,-0.013547840812870415,0.005436871603467168,0.04998882465643829,-0.001658002971427296,0.05766926877626526,2.362
2023-11-13,-0.015424164524421635,0.004408301358560756,0.04890275737675552,-0.0016615915028910559,0.05671898058557983,2.334
2023-11-15,-0.028061224489795866,0.0040824161852911055,0.04829730426200729,-0.0025235830244159847,0.05351189511451933,2.352
2023-11-17,-0.02022375215146288,0.0034452954963658682,0.047421614191742005,-0.002704900939300552,0.049937164926539816,2.324
2023-11-21,-0.05425032037590782,0.0031511412807191555,0.04725824647713861,-0.002484909916576847,0.04516468792087857,2.341
2023-11-23,-0.05493562231759663,0.002929927711354298,0.04864485337020925,-0.0020645164737639774,0.04325045676804461,2.33
2023-11-27,-0.03437771975630988,0.004281345387495657,0.047969307388340224,-0.002628368886615288,0.04291978328382699,2.298
2023-11-29,-0.04330708661417326,0.0047384997246233875,0.04872552968686589,-0.0033255566847747186,0.04153696987994211,2.286
2023-12-01,-0.04391743522178304,0.004049683909335919,0.04822347036534798,-0.0019196476307924842,0.039999212538850644,2.277
2023-12-05,-0.014453477868112019,0.0016303017328069887,0.04327161843099247,-0.0011489154724079731,0.04453890332932618,2.214
2023-12-07,-0.0031789282470482405,0.0024494026854071237,0.0473267391492134,-0.0009714091965392806,0.03850625098177395,2.202
2023-12-11,-0.007210455159981977,0.002633080271904579,0.04768476328479508,-0.0007022187034882555,0.0356643543282033,2.219
2023-12-13,0.005029721079103933,0.002190707414326197,0.046802179205148176,-0.0009495419194920449,0.0574449541710672,2.187
2023-12-15,0.03261368856224167,0.0028821525471369198,0.04694319298060054,-0.0013267410656988188,0.056903129609882155,2.177
2023-12-19,0.02016498625114571,0.002529183460550413,0.04863634675100849,-0.002085527878357869,0.05566532789222234,2.182
2023-12-21,0.0013667425968109104,0.0037550130944504654,0.04912832399747082,-0.0026702730213689113,0.053426451486107224,2.195
2023-12-25,-0.011802088061733884,0.0033525694407931968,0.049245742332266106,-0.0030938310723525432,0.04691940481599246,2.203
2023-12-27,-0.01182893539581431,0.0029568135394190988,0.047852205951480944,-0.0029715589346534926,0.045656436910896235,2.198
2023-12-29,-0.03514234875444844,0.005104838579077162,0.048398178864359355,-0.0029043315175502227,0.04053628968183603,2.248
2024-01-03,-0.0417789757412399,0.003167391272562656,0.0475259371869836,-0.0023922719881717845,0.03792161412018735,2.226
2024-01-05,-0.009099181073703333,0.001987395734258235,0.04712357173159434,-0.0023760816979426337,0.03803714867466237,2.198
2024-01-09,-0.009646302250803762,0.0011916962053451587,0.046151649440270864,-0.0015581857870107813,0.03757869453256711,2.177
2024-01-11,0.03130755064456725,0.0018025657371592168,0.049252413820787044,-0.0019158155531448654,0.06303206324544382,2.172
2024-01-15,0.030889810972798637,0.0023280688766591706,0.04840508250478397,-0.0022922326127877805,0.05716104312249723,2.169
2024-01-17,0.025785278949836066,0.0009680376024839787,0.04544434518466999,-0.0015949607204416793,0.06203676449936566,2.133
2024-01-19,-0.005968778696051391,0.0018043596127061705,0.04095614668680138,-0.0014321366878261772,0.05583817659543231,2.178
2024-01-23,0.04081632653061229,0.0011875649360410785,0.045904409255834784,-0.0020067540223661254,0.05927053660063862,2.156
2024-01-25,0.01651785714285703,0.00312930715456312,0.046427491947009854,-0.0022646023839783323,0.04979334903586399,2.24
2024-01-29,0.02549194991055459,0.0025628889233716644,0.04575891605930652,-0.0020128489693088747,0.048200070950857016,2.236
2024-01-31,0.07586837294332716,0.0016366759042987344,0.04582201032622481,-0.002450027123398013,0.055316439452083345,2.188
2024-02-02,0.06974595842956122,0.000633482859395142,0.04192668043878002,-0.0013853331648123678,0.05828249491259059,2.165
2024-02-06,0.031194295900178082,0.0015222923686322443,0.04232889643142018,-0.0012934549042279966,0.044798576963754014,2.244
2024-02-08,0.026350461133069825,0.0019858966553378335,0.04579947537020673,-0.0013065031131356609,0.0399212743163592,2.277
2024-02-20,0.03270824247710413,0.004267646742912536,0.039488120986922524,-0.004199482825616817,0.057241325160854395,2.293
2024-02-22,-0.002548853016142827,0.009313898970553543,0.045991759621087966,-0.004407456745895614,0.06007775435031523,2.354
2024-02-26,0.021588946459413005,0.11987298991135485,0.045718815511793895,0.14254961648555603,0.05672038078491749,2.316
2024-02-28,0.016853932584269815,0.09895179918400838,0.046771175221293454,0.14995346151707967,0.05519616120933941,2.314
2024-03-01,0.005134788189987249,0.006798575388345864,0.047248186947444634,-0.0042937864103482475,0.04821204606871977,2.337
2024-03-05,-0.010557432432432345,0.006100321448266071,0.04305021124104669,-0.004370071633276122,0.04243593327070321,2.368
2024-03-07,0.0,0.005079194455870192,0.04383135593670743,-0.0048187043256084465,0.03682676830244137,2.348
2024-03-11,-0.01690617075232459,0.003976352792323408,0.044798991493267847,-0.003816993742902701,0.03269459854862478,2.366
2024-03-13,-0.012749681257968604,0.0030425172100963568,0.045448142934272025,-0.0017028358120809346,0.05309825853935453,2.353
2024-03-15,-0.004682843763303635,0.003380806568787615,0.047066140688835696,-0.001449439981462164,0.05074866938699222,2.349
2024-03-19,0.006828851899274513,0.0031654870007980524,0.04560675473286822,-0.0018913816020831257,0.047550978712432565,2.343
2024-03-21,-0.0038330494037478458,0.003495231921307198,0.04821533475259034,-0.0020971227980921218,0.04603970932105429,2.348
2024-03-25,-0.002149613069647449,0.0023614499663531527,0.047005668219572846,-0.002040072873894478,0.04530262373575103,2.326
2024-03-27,-0.01033146792940165,0.0021596968351096438,0.04802625260772155,-0.0021570543184266694,0.043622145150449175,2.323
2024-03-29,-0.00042771599657820403,0.002236756797424839,0.04616789247841246,-0.0017488236885683088,0.03755234324037437,2.338
2024-04-02,0.003391267486222871,0.0021979865234532706,0.04748750074660916,-0.0018398712367722189,0.03384414637108834,2.359
2024-04-08,0.003847798204360764,0.001270649735273664,0.045606763604985924,-0.0012679914893504746,0.030044625718616838,2.339
2024-04-10,0.010340370529944076,0.003552044604406909,0.04688148931597077,-0.002324225506828853,0.04761842128471272,2.321
2024-04-12,0.036537625054371414,0.0027742197863573877,0.046300920165560366,-0.0021329341578293064,0.047058682347004395,2.299
2024-04-16,0.021394950791613132,0.0031013364647897966,0.04633160625864204,-0.0026756906030769986,0.04866348002375963,2.337
2024-04-18,0.022391212505280977,0.003580720084851177,0.04762279660047305,-0.0023155149397384575,0.04585947039085798,2.367
2024-04-22,0.031090289608177057,0.002681854417082159,0.04736659390573089,-0.002402777762394736,0.04298691947216809,2.348
2024-04-24,0.03411513859275028,0.0025691193261702257,0.04800847760974708,-0.002149389265851759,0.039514047197253405,2.345
2024-04-26,0.006714225765841464,0.0031239953109045613,0.04739495289382088,-0.001668673321975586,0.03766047160668106,2.383
2024-04-30,0.024298282362798407,0.0027164915624683377,0.0478636360412245,-0.0016959867774846156,0.034177582217710355,2.387
2024-05-07,0.010743801652892682,0.00243153847526071,0.046675397752490924,-0.003024810203665081,0.028827153364185322,2.42
2024-05-09,0.00041305245766221077,0.010968942074883721,0.048976272429885864,-0.002113129771097142,0.0526082603197301,2.421
2024-05-13,-0.003711340206185576,0.00999406688658487,0.04735941274071991,-0.0022650373907953237,0.04963716750906525,2.425
2024-05-15,0.00458524385160497,0.008087836311124747,0.047321664323441995,-0.003951971452435111,0.04812606259987654,2.399
2024-05-17,-0.024130879345603207,0.01186690232975201,0.047438330149871206,-0.002460691163755899,0.04795654243289982,2.445
2024-05-21,-0.017988552739165997,0.009342572382134982,0.04732163251799655,-0.0033131139352770163,0.042163171744629364,2.446
2024-05-23,-0.012386457473162804,0.009372802722547162,0.04823411502958313,-0.004710693862900609,0.040331231105251816,2.422
2024-05-27,-0.026076158940397276,0.008407093549917906,0.048110729863282166,-0.004275092965427023,0.03816101871810745,2.416
2024-05-29,-0.02863070539419088,0.008607758634873343,0.0484651660575066,-0.006762652410779543,0.03622938509381751,2.41
2024-05-31,-0.018021793797150076,0.006462030828346893,0.04797482137733706,-0.004548161335115995,0.034481253356188804,2.386
2024-06-04,-0.023313905079100805,0.005912792391724102,0.04757679569614744,-0.0043428192029406005,0.031032592668463106,2.402
2024-06-06,-0.023829431438127102,0.005516907378301657,0.04724230260133069,-0.005117252019447667,0.030413829743135598,2.392
2024-06-11,-0.011474713132171743,0.00435839792304108,0.04747629994540311,-0.004766511910996359,0.028922775889733965,2.353
2024-06-13,-0.007261853908586247,0.0037059961652097964,0.04853710107476986,-0.0017244766251058453,0.04549763806468624,2.341
2024-06-17,-0.0017072129748185727,0.003402315834451405,0.049638874740593183,-0.0018057303903952727,0.0431183479441722,2.343
2024-06-19,0.0017050298380221207,0.003056648896428398,0.04870471016562673,-0.0019010936632513165,0.04169954371512566,2.346
2024-06-21,-0.00471092077087798,0.0028082332244740715,0.048616102263692056,-0.0017807757952452061,0.038776572823994784,2.335
2024-06-25,0.003009458297506429,0.001938460455337166,0.047640890239431966,-0.001530424742233537,0.03883049476933687,2.326
2024-06-27,0.012908777969019125,0.0017665701105971734,0.04731892341731033,-0.0014899407099424695,0.03526093531743868,2.324
2024-07-01,0.016673792218897088,0.002766504544808634,0.047916790800390144,-0.0027445814682383156,0.03023108746514688,2.339
2024-07-03,0.01957446808510621,0.002880399338376684,0.04724257321280156,-0.002663430866418957,0.0266093773378144,2.35
2024-07-05,0.0430292598967299,0.001915107037568939,0.04495754565433613,-0.001900192572944346,0.026972922883558424,2.324
2024-07-09,0.015859408486926574,0.0018654387358798261,0.04730761860412613,-0.0021936098467051214,0.024955406210131686,2.333
2024-07-11,-0.006372132540356845,0.005624789865690689,0.04844387443663663,-0.0021670884129690554,0.04552915100926948,2.354
2024-07-15,-0.02270815811606408,0.007680382244719814,0.04630750672618243,-0.0048475555411442205,0.040738929716887536,2.378
2024-07-17,-0.01878130217028373,0.007667739732629964,0.044168166843746005,-0.004809083610837522,0.040452266936327044,2.396
2024-07-19,-0.04166666666666663,0.004438630046604549,0.03986707513460678,-0.0016509741102585433,0.04197166724299177,2.424
2024-07-23,-0.032911392405063467,0.0032378995681860263,0.046312742385831975,-0.002219339575856959,0.038577259797906216,2.37
2024-07-25,-0.017956391620350454,0.0029280580778914215,0.04589766369229605,-0.0022955653727012486,0.04218042538414031,2.339
2024-07-29,-0.012478485370051584,0.0020386249285252087,0.0473286946384714,-0.0014469962828712623,0.03922594620570946,2.324
2024-07-31,-0.02934921310080818,0.0027645662522649177,0.04808880805357553,-0.0017133877568197547,0.0360638585462455,2.351
2024-08-02,0.000430477830391629,0.0021447339781270167,0.04674098874113023,-0.001597202977917368,0.036542320756029714,2.323
2024-08-06,0.015270506108202575,0.001139297952144292,0.04609112959702136,-0.0011031829846573347,0.03992522006245353,2.292
2024-08-08,0.010013060513713423,0.002035311613556447,0.04669452848365885,-0.0019957450473817103,0.03022416615829058,2.297
2024-08-12,0.015686274509803866,0.0015498606960088284,0.046469467887722986,-0.001652882002504678,0.025829438380648558,2.295
2024-08-14,0.015337423312883569,0.003470256973318738,0.04673177546293082,-0.0019533298016024166,0.0451489852833438,2.282
2024-08-16,-0.002151462994836484,0.0039922912957303025,0.04648743344111113,-0.0018251105977627584,0.041476682037756445,2.324
2024-08-20,-0.02406532015470564,0.0034744958989208334,0.044843016063982215,-0.0020814593133149433,0.03918795648145286,2.327
2024-08-22,-0.028017241379310276,0.0027496241491210176,0.04527899037051194,-0.0021729737249987485,0.03905572323574667,2.32
2024-08-26,-0.0497640497640498,0.004055724868517875,0.04668642113316656,-0.0042920250020180946,0.03518857485606092,2.331
2024-08-28,-0.04963314630988358,0.0034767742272295587,0.044805799844437735,-0.0035275131313352564,0.03306333938849376,2.317
2024-08-30,-0.056489866321690285,0.003128756730049556,0.04683860229751554,-0.0033672719421166722,0.031026137672246653,2.319
2024-09-03,-0.02509907529722588,0.0023432588913674082,0.04767595771289057,-0.002434474187020693,0.03122988607195741,2.271
2024-09-05,-0.013747228381374543,0.0010431965521601274,0.0474862558202055,-0.000787503090533968,0.03086346616022157,2.255
2024-09-09,0.06862302483069982,0.0008302637263821583,0.046982914850202916,-0.0006990035739455623,0.02995569928946544,2.215
2024-09-11,0.18074477747502282,0.001604846346305837,0.04669422031927745,-0.0015763509497596449,0.05145292068983596,2.202
2024-09-13,0.299360146252285,0.002642627960831742,0.047573168130966174,-0.0018296157010206165,0.044415705620450045,2.188
2024-09-19,0.22990063233965663,0.002259341288805223,0.04711071495196213,-0.001802952127574305,0.04070770328211276,2.214
2024-09-23,0.2135791366906472,0.0030586045793091917,0.04800920066097779,-0.003597142423691373,0.03483907997045673,2.224
2024-09-25,0.11068863540346441,0.003521668823686901,0.045582472191056794,-0.0006799034049547246,0.047102583091325166,2.367
2024-09-27,0.026153846153846194,0.5149315374288485,0.05170720131960832,0.43526291698508635,0.0895809103708271,2.6
2024-10-08,-0.05944424903271195,0.5460266913857559,0.03401419644248648,0.4502861918386562,0.14392525942158527,2.843
2024-10-10,-0.02240176276165995,0.1604916568876908,0.04155399115890562,0.26700187710514445,0.12249065224118881,2.723
2024-10-14,-0.011485735457576807,0.2561775635291572,0.044249240797579706,0.18666954009306636,0.10337777814238638,2.699
2024-10-16,-0.004184100418410108,0.08302756397763905,0.04665040739168667,0.14449347480531133,0.07668085676393202,2.629
2024-10-18,-0.011619190404797641,0.5608933422837036,0.041353100790921304,0.42925240190671143,0.1028888035553112,2.668
2024-10-22,0.014210919970082392,0.4937846903661804,0.0446850652410809,0.43139800244684073,0.08986614897385119,2.674
2024-10-24,0.04883546205860245,0.14496382836548924,0.04659223511008513,0.24183665835696647,0.073880428525742,2.662
2024-10-28,0.024737631184407638,0.6580273586286158,0.04453607112867981,0.37736744927610266,0.08135224415626588,2.668
2024-10-30,0.03475935828877019,0.5758174338485365,0.046071127985316686,0.2781648949166055,0.08027521701922859,2.618
2024-11-01,0.005688282138794021,0.5535008113294851,0.04491821178953108,0.25457942448317983,0.0836042083053724,2.637
2024-11-05,-0.02212389380530977,0.5059738452256405,0.04465142827061337,0.4310773318711687,0.08055592605883222,2.712
2024-11-07,-0.04584527220630363,0.5514464165224319,0.04399249513321803,0.4297076941631823,0.07823173441207258,2.792
2024-11-11,-0.06181419166057056,0.386524124565653,0.04761129886908036,0.41484964232648447,0.054179963973273085,2.734
2024-11-13,-0.03839055001845704,0.6068555625840696,0.02690744916198278,0.15149891057948847,0.09209924859213335,2.709
2024-11-15,-0.016591251885369585,0.5454944916045789,0.027758679365338542,0.08433979629720355,0.0852043029646291,2.652
2024-11-19,-0.007541478129713397,0.6894372921052226,0.02613004361529677,0.13538144751909764,0.0869713758182886,2.652
2024-11-21,-0.01726726726726735,0.6036260042145138,0.0265183825883474,0.07322147498522692,0.07324436058203279,2.664
2024-11-25,0.03274853801169586,0.8189922466393594,0.026201986061652912,0.008744061311442272,0.07154130430143303,2.565
2024-11-27,0.01957773512476013,0.8201810173062376,0.026075474833133484,-0.013991418931274176,0.0691539414142201,2.605
2024-11-29,0.004984662576687171,0.8159567290536182,0.02514846504964974,0.07016014608231458,0.06397013068281687,2.608
2024-12-03,-0.0007598784194530195,0.1650889429759495,0.026266519801335937,0.2736114524759356,0.05400988183279325,2.632
2024-12-05,0.008021390374331583,0.3695298934085962,0.02586673468360007,0.22614622566544865,0.050758764159138096,2.618
2024-12-09,0.0018875047187618677,0.2513970018616301,0.026185944989653577,0.3429173009784233,0.04511533736765978,2.649
2024-12-11,0.01393072289156616,0.2296502832526197,0.02779499774532148,0.32736971346116783,0.07855353670465628,2.656
2024-12-13,0.023655093475772437,0.1872231423781847,0.024041536677040492,0.29359721334904065,0.07387188028802383,2.621
2024-12-17,0.014068441064638781,0.3060095533524147,0.027262936942622093,0.14624712588956612,0.0677521253109476,2.63
2024-12-19,-0.025009473285335315,0.06420289793611894,0.02799370390552451,0.15632140915308282,0.06345880736567197,2.639
2024-12-23,-0.029012810851544835,0.10193805519657438,0.02722026126054519,0.1970038379387546,0.05492640412045709,2.654
2024-12-25,-0.04567396955068703,0.06194685399783439,0.02565708814802139,0.1385494011798608,0.052548593761944484,2.693
2024-12-27,-0.0532985464032798,0.10200741827676858,0.028093661949893475,0.18892891255949118,0.047135757163830456,2.683
2024-12-31,-0.03337082864641916,0.15266529888464805,0.025249979519984787,0.2592872912952967,0.04284923183980946,2.667
2025-01-03,-0.001554605518849561,0.2862086718124555,0.025632626393601084,0.1654922344856504,0.04649670369485373,2.573
2025-01-07,-0.0019402405898331088,0.003021539218536993,0.026068868719771744,-0.0001698084520177781,0.0385679817648229,2.577
2025-01-09,-0.0058365758754862496,0.002255227173044469,0.026401145828309196,-0.0006177617754742452,0.06214639757533847,2.57
2025-01-13,0.013779527559055094,0.0020006614782364027,0.026923606710530533,-0.0005022222463853621,0.06149035843507209,2.54
2025-01-15,-0.003103180760279267,0.0019371998425666112,0.025932764303177605,0.0009125976408521223,0.06031487659048836,2.578
2025-01-17,0.015570260801868407,0.002330028809645663,0.026642186005080382,0.001884952081552341,0.06103387708617556,2.569
2025-01-21,0.021772939346811793,0.0024351118056354024,0.026292211228455015,0.0006736398375635985,0.05567718760462369,2.572
2025-01-23,0.03679060665362033,0.16083284421792024,0.025686989888739013,0.23224179172591,0.05650413371561476,2.555
2025-01-27,0.026407766990291126,0.0013524150141872612,0.021402303261899104,0.0007565976162739822,0.04797876471313857,2.575
2025-02-06,0.026459143968871723,0.0013968691206104633,0.025833010459523083,0.0003036427258122258,0.03822027990779516,2.57
2025-02-10,0.019931008049060894,0.001174726009187954,0.02636797856378036,0.0002256856102953237,0.03566567420090829,2.609
2025-02-12,0.010654490106544845,0.09076608190457976,0.027538006740327938,0.184916389971565,0.05879977082792289,2.628
2025-02-14,-0.005285013212533163,0.0766653463994102,0.02767100990666441,0.14801812094263567,0.053995660029998206,2.649
2025-02-18,-0.012864169504351097,0.11744524186179048,0.025104784364295286,0.1499998520244939,0.05343772909648578,2.643
2025-02-20,0.011751326762698966,0.006068265985810278,0.02664819239434475,0.00044282250924648,0.048802872993368974,2.638
2025-02-24,-0.00150319428786172,0.13958420520536324,0.026917094631115066,0.22305531428159467,0.046516863121483225,2.661
2025-02-26,0.001506024096385561,0.14677428219568275,0.02635602722202939,0.21721016706107182,0.045134832296042794,2.656
2025-02-28,0.036432637571157445,0.003895287383767714,0.02486549525772433,0.0007814614905085125,0.043750662597719536,2.635
2025-03-04,0.04561134534304334,0.004197587597141621,0.02604526932727537,-0.0003422691775814936,0.03678827552344923,2.609
2025-03-06,0.014237542150618232,0.20802522864659423,0.027736656434050884,0.30935818215403105,0.036049447097054224,2.669
2025-03-10,0.009032743695897683,0.0029216211104765074,0.02447705778735565,-0.0002788063301842707,0.029156746132584947,2.657
2025-03-12,0.001879699248120259,0.0033609368442564904,0.025411382789040874,0.0003122532702250461,0.05112736064108471,2.66
2025-03-14,-0.023434639326254114,0.0017102655769988713,0.025040445836747187,0.0015484157395911653,0.05740351276002989,2.731
2025-03-18,-0.0282258064516131,0.00310870707278152,0.02667616858477451,0.0014926314195262316,0.05336869504623604,2.728
2025-03-20,-0.021056520132988532,0.0028566127566672793,0.02624780855974759,0.0012784809766546606,0.04898889698893286,2.707
2025-03-24,-0.04513241327862738,0.0027223539835375147,0.025873767050939984,0.00019657198682499443,0.0422552247526214,2.681
2025-03-26,-0.02326454033771097,0.002819127327441974,0.02704929603112036,-0.0003655352081506564,0.03932055033721172,2.665
2025-03-28,-0.019122609673790647,0.0027090285773626642,0.027063207140495413,-0.0003997064854923075,0.037052165639182705,2.667
2025-04-01,-0.0022632968691058686,0.0018987651420613511,0.026733092265666007,-0.00019983741768110717,0.03615181434168438,2.651
2025-04-03,0.0,0.00172705591444062,0.026888174137592216,-0.00040372922692441445,0.03376775201109273,2.65
2025-04-08,0.03359374999999987,0.5468716209105109,0.012815122208811562,-0.29644265648270385,0.062239888875750625,2.56
2025-04-10,0.016135228582404793,0.0016566285958105305,0.018499103782352255,-0.0011128834820895693,0.06952893906021711,2.603
2025-04-14,0.009556574923547334,0.0028326907388434306,0.023862177815845886,-0.0011027752861754291,0.05661928099690212,2.616
2025-04-16,-0.007939508506616177,0.0021808899388711185,0.018294872422635403,-0.001447773252652291,0.05420737329319658,2.645
2025-04-18,0.00415094339622657,0.0023851070473618033,0.02165111170503626,-0.0015324166394631439,0.050439435065572066,2.65
2025-04-22,0.010204081632653184,0.0036415558832748507,0.02497808454941728,-0.0021441487827050477,0.04618187317179917,2.646
2025-04-24,0.020037807183364897,0.0033776938007551776,0.02453706177690107,-0.0018286023103751337,0.043394762758779334,2.645
2025-04-28,0.03407800075728895,0.002770748422810817,0.024911980919297468,-0.0012687068179126698,0.04172986063655098,2.641
2025-04-30,0.028201219512195008,0.0023201756618402695,0.024610640805928074,-0.001107953633776703,0.0420445847910409,2.624
2025-05-07,0.022547914317925688,0.0018335571907406355,0.023442970375591045,-0.0003596038281626479,0.030281608888913222,2.661
2025-05-09,0.011223344556677839,0.002883838456692484,0.026140086700822504,-0.0013405773017337128,0.028261829773924437,2.673
2025-05-13,-0.007042253521126862,0.002136515653337979,0.025579283745545585,-0.0012570633507626404,0.025878033007162793,2.698
2025-05-15,-0.017575979494690586,0.00797065413340139,0.02525993106422166,-0.0007086812061118247,0.049703585098871544,2.731
2025-05-19,-0.007783543365455836,0.009791762716546056,0.02539834466015781,-0.002436478475391189,0.041224598798361316,2.698
2025-05-21,-0.013965453877251122,0.008753205957376976,0.02593982322482505,-0.0016897002968502704,0.04208135472177645,2.721
2025-05-23,-0.006659267480577102,0.007898593325782438,0.02587700716134051,-0.003020345375607514,0.04309317012416757,2.703
2025-05-27,0.004479283314669624,0.007451093544890266,0.026351249789374333,-0.003680695576589045,0.03853622732357559,2.679
2025-05-29,-0.002981736861721984,0.007117107844582932,0.02667089933298268,-0.002491536782098816,0.03686839304564971,2.683
2025-06-03,0.0018677624206200338,0.0051823340801545395,0.0261649683431936,-0.0020463076512832255,0.0322180518571926,2.677
2025-06-05,-0.007454342154304849,0.006049935377928223,0.026168433778785197,-0.003050830337931315,0.030435858047297877,2.683
2025-06-09,0.0022346368715082665,0.0046433246127673185,0.025855540299115295,-0.002374583131092447,0.027245292624790703,2.685
2025-06-11,0.02526941657376436,0.004709800110126313,0.026619547903349427,-0.0004910770692284677,0.047041861853046624,2.691
2025-06-13,0.017943925233644853,0.003697060713580245,0.02364032399374349,-0.001260353138370732,0.04713591037007707,2.675
2025-06-17,0.020879940343027537,0.004385263804218134,0.026741338007396004,-0.0012085567600199226,0.04245958850669141,2.682
2025-06-19,0.03154337213668801,0.004007349456647374,0.027014093120657553,-0.0023242280074423183,0.04225190833604494,2.663
2025-06-23,0.02378298030471937,0.003885962918898948,0.027268165974188678,-0.0014067890260221355,0.0362596278693824,2.691
2025-06-25,0.0036245016310259004,0.002926315226918052,0.02470637372717215,0.002411355953644828,0.045985540879336456,2.759
2025-06-27,0.027175908923980918,0.0031768573799159233,0.026283420341741665,-0.00042777798372390144,0.03505819746866851,2.723
2025-07-01,0.01570489408327247,0.00373205293533062,0.02580314762907376,-0.0017722275661511268,0.031563802672869165,2.738
2025-07-03,0.013833272661084806,0.00332952824580867,0.025624647194226993,-0.0017295860527197524,0.029020874750754638,2.747
2025-07-07,0.021778584392014633,0.002575906104243702,0.02557989252635284,-0.0013466622140903917,0.027204216637483132,2.755
2025-07-09,0.027807872878295337,0.005152683817186419,0.0262190415342906,0.00023772643117055437,0.053499751391122445,2.769
2025-07-11,0.01573114050768676,0.005595605882458899,0.02737575032357265,0.0016553227733399167,0.05579032472248257,2.797
2025-07-15,0.02768788205681405,0.004827615726692331,0.025845372702246315,0.00017623626016227036,0.04949254751484865,2.781
2025-07-17,0.014003590664272814,0.004597097992068095,0.025717986936178626,0.0008051838408107751,0.04853535882089607,2.785
2025-07-21,0.0,0.004134624958099308,0.02618750491098112,0.0005851009226920962,0.04668884336796535,2.815
2025-07-23,-0.0010541110330288816,0.0030225575946651435,0.02519756377753205,0.0010893378899542747,0.05151787601305028,2.846
2025-07-25,-0.002111932418162654,0.0037490784167060888,0.026165404826964923,0.0015479247179268863,0.048159234679503615,2.841
2025-07-29,-0.0006997900629811538,0.002794416760581108,0.025965305560781703,0.000650371065151198,0.046109689153489564,2.858
2025-07-31,0.019121813031161672,0.0027801011734610755,0.0259528226852896,-2.4054409869397398e-05,0.0418126642605509,2.824
2025-08-04,0.028063943161634075,0.002978640535833595,0.026351430865086175,-0.00038411612212404405,0.0348319880547496,2.815
2025-08-06,0.01934576151952161,0.002551039354329796,0.02639544117974164,-0.00010109220685054461,0.0314220556791042,2.843
2025-08-08,0.05361552028218708,0.0033144933583366936,0.025943865044319406,-0.001308653868808256,0.028437406216593533,2.835
2025-08-12,0.057773109243697496,0.002687196777946017,0.02650580836950578,-0.000900833787888121,0.02616154839345245,2.856
2025-08-14,0.047602501737317615,0.24807584879383804,0.026294913605474052,0.31046854875556357,0.0560259988482175,2.878
2025-08-18,0.04803040774015188,0.6146501541913626,0.027366006070510533,0.31806828228126244,0.06897133217146581,2.894
2025-08-20,0.03761214630779852,0.4808418827615085,0.0262836627523877,0.29199799136935534,0.0645436301778787,2.898
2025-08-22,0.002008704385671134,0.5773581403635724,0.02566935479197958,0.2959554377562175,0.0679840088167878,2.987
2025-08-26,-0.013571665011585576,0.4668562434836297,0.025690422981435784,0.29294392448289186,0.07152106251969666,3.021
2025-08-28,0.008955223880596996,0.5529853949623071,0.024293396273205998,0.323363514696984,0.06869498475509901,3.015
2025-09-01,-0.005275304978569095,0.29064214976774033,0.02679871416771374,0.36714281062417936,0.05604683871452122,3.033
2025-09-03,0.00033255736614568043,0.0017484088178591484,0.022261415886981835,0.0003251372959441446,0.04953627247932345,3.007
2025-09-05,-0.009021049114600665,0.002115135414012944,0.024834138178646523,0.0010985940397196985,0.04193289321593612,2.993
2025-09-09,-0.001677852348993203,0.0012580156480656033,0.025580191567973913,0.0001698838277988386,0.03507330114943147,2.98
2025-09-11,-0.011505588428665225,0.6005112576092982,0.025615063440991445,0.23918716542160923,0.06647297611858992,3.042
2025-09-15,0.003977461054027076,0.20804875224800426,0.026600065024695585,0.23194614571782324,0.06002762852126486,3.017
2025-09-17,0.02393617021276606,0.18291005326198814,0.0269148670364751,0.2570694258363713,0.0635233445283254,3.008
2025-09-19,0.01854349291975721,0.00249794492928813,0.02636140706372178,0.0003135135817095056,0.054437905168755324,2.966
2025-09-23,0.027563025210084025,0.002238987638368651,0.0249690820794378,-0.00012020545654674014,0.04924160991413421,2.975
2025-09-25,0.007648819421349984,0.0023503710475234916,0.026609566631123883,-6.097766538439306e-05,0.04315387825711793,3.007
2025-09-29,0.011224826675470645,0.0026324861223056897,0.02621408942258709,0.0009970569906623142,0.04318617769147472,3.029
2025-10-09,0.0016233766233766378,0.13753791590194125,0.027792021686992168,0.20781593027348313,0.06300243375917895,3.08
2025-10-13,0.037073816617014366,0.001861296236978369,0.02665744010474792,-0.0007378781805698084,0.06677582786282397,3.021
2025-10-15,0.022898266274124834,0.0029826563995270306,0.02679298025014014,-0.0009818366746070545,0.060468798053052886,3.057
2025-10-17,0.016171617161716334,0.001641212228338377,0.024454110951813757,-0.000990696698513103,0.061131238639588255,3.03
2025-10-21,0.003917727717923647,0.002681431405700625,0.026460917582730163,-0.0012629536645786324,0.051296492474880516,3.063
2025-10-23,0.007455429497568833,0.0021973797109621613,0.02536068615786344,-0.0005368522575346839,0.04934372549796106,3.085
2025-10-27,-0.004787743376955089,0.002192184374798416,0.024925854001650653,-0.00016830375343492937,0.04647587904429202,3.133
2025-10-29,-0.0038375439718578708,0.0018701422648983513,0.025706917773090456,-1.0039491057918547e-05,0.043900341212454924,3.127
2025-10-31,0.007145177005521308,0.001736711266729615,0.026435806249518422,-0.0003244045723747986,0.04162511881481432,3.079
2025-11-04,-0.0019512195121952347,0.0014156084168302895,0.025596008564564725,-0.00045067606459174456,0.03744119336224081,3.075
2025-11-06,-0.010617760617760541,0.0015717942558293337,0.02583490165683834,-0.0006363979453542196,0.03207061113083498,3.108
2025-11-10,-0.033354714560615784,0.0013777764240440666,0.026697835417790857,-0.0003010639579283152,0.02945961574183799,3.118
2025-11-12,-0.026003210272873334,0.0016412682163143549,-0.0006055647787645631,-0.00043550869003084716,0.057906291669506664,3.115
2025-11-14,-0.02192841019026126,0.0023050352210745024,0.0006914904465596286,-0.0005375556592475844,0.05547361290091799,3.101
2025-11-18,-0.008797653958944274,0.585822855608936,-0.0012995183196669567,-0.14963591113977298,0.06019371399274413,3.069
2025-11-20,-0.012682926829268304,0.0027004536120942414,-0.00030870906304814386,-0.0006734692238676875,0.05119901776512889,3.075
2025-11-24,0.022561380225613714,0.6354055763801439,-0.0014474148858348178,-0.3148788045667778,0.05300270128193199,3.014
2025-11-26,0.005603164139749595,0.002313488086655908,-0.0002449839104619689,-0.0007356382327537996,0.039822580627115065,3.034
2025-11-28,0.006594131223211397,0.0020063705966370327,0.00023097832928408495,-0.0004985038057293476,0.03619855013830709,3.033
2025-12-02,-0.0062458908612753605,0.0017131101822070703,-0.0001439004253116807,-0.00044442378538946326,0.031101415152091673,3.042
2025-12-04,0.00922266139657446,0.001318740466067102,0.000169624126981953,-0.0005280441174691901,0.028519899455265233,3.036
2025-12-08,0.0032446463335498166,0.0011593550249612695,0.0016333334243453913,0.0005991224031000812,0.027197459179185205,3.082
2025-12-10,0.015732546705998107,0.00456776830809922,-0.0006263821609377489,-0.0018835852007916417,0.051470541602503014,3.051
2025-12-12,0.021945627251883426,0.0036130974023047126,6.64623247075255e-05,-0.0014556965417325883,0.04907188211808299,3.053
2025-12-16,0.028117763810783902,0.002904849531109456,-0.0010585102955096763,-0.0011279216269113454,0.051275901380199135,3.023
2025-12-18,0.03590078328981727,0.005641858209207561,-0.00043394995620724147,-0.0015969256360062493,0.04487074785199714,3.064
2025-12-22,0.04139715394566634,0.005476470902080459,0.0004788050817619793,-0.0018952877652926715,0.040505407975149524,3.092
2025-12-24,0.03549532107131337,0.004915492000055728,-0.0003631539570650188,-0.0005589380614423027,0.039037932575728886,3.099
2025-12-26,0.03012820512820502,0.00502371610282655,0.0006128491080922545,-0.0003361175655681665,0.03900226333859369,3.12
2025-12-30,0.02316602316602312,0.0026625528284892996,0.0007116531439078438,-0.0006125436242267081,0.03816335668706779,3.108
2026-01-05,-0.006616257088846833,0.0025862308347774548,-0.0013086236701726013,-0.00021751986685063346,0.036012168453928795,3.174
2026-01-07,-0.02329192546583858,0.0024478625906376693,-0.0009209315435383239,0.0007098327522856748,0.03986154245588666,3.22
2026-01-09,-0.03209722655032732,0.0020716079611006635,-7.444385525415076e-05,0.0007463514305066376,0.03605875732017959,3.209
2026-01-13,-0.02582451773490979,0.0015134715801093282,-0.0017205618199845148,0.0007092004277310107,0.03596956397861795,3.214
2026-01-15,0.005031446540880502,0.002096087990045602,-0.0002896082078183878,0.0009205482533302391,0.05399775677614142,3.18
2026-01-19,-0.02315255312400888,0.0018230176238148777,0.0013532439747386685,-8.486011840433432e-05,0.045994445790554554,3.153
2026-01-21,0.0006359300476945773,0.0021868129964486387,0.0006073419283403658,-0.0006751147509540262,0.044138155726842085,3.145
2026-01-23,0.0028976175144881378,0.0019303753772547654,0.0021244051502109077,0.000949677560417682,0.050270263910096064,3.106
2026-01-27,0.012456084318109184,0.0012494849659423458,0.0012328789256910225,0.001273698514823065,0.04659312117870495,3.131
2026-01-29,-0.010951188986232818,0.0014730763880014394,-0.00026355264421474374,0.0014804580075424138,0.04534926705719602,3.196
2026-02-02,0.01266233766233782,5.956459491744968e-06,0.00042174613049128225,-1.7177708745709848e-05,0.054933128266331344,3.08
2026-02-04,-0.01016841436288518,0.0008002042624260777,0.001035621042260549,-1.405957141460252e-05,0.0344374057305654,3.147
2026-02-06,0.0032102728731941976,0.0009496793338577838,0.0016449235639962264,3.0257907784054617e-05,0.03228840740760023,3.115
2026-02-10,-0.03753943217665612,0.0012882067133336951,0.0003102724419821388,-0.0004865599674281708,0.023733397026397658,3.17
2026-02-12,-0.029421069281872825,0.002866363639608096,0.0013776324916344013,-0.00035684203444786406,0.05423590021120506,3.161
2026-02-24,-0.018916319333119658,0.0022805087960843557,0.0011703205821503792,-0.0015340765509528906,0.041772232362848584,3.119
2026-02-26,-0.021829855537720766,0.003079676881633531,0.0004388634012254704,-0.0006940713210250072,0.03666004428140758,3.115
2026-03-02,-0.031039999999999957,0.0026011733750361306,0.0005656887221079689,-0.001028592180441921,0.03442051954508414,3.125
2026-03-04,-0.005244182235332628,0.001266444094034762,0.0009074253192169411,-0.0013842543313636985,0.041672302897151674,3.051
2026-03-06,-0.03617992177314222,0.0013857897219798226,0.0012014893847197938,-0.00044492461182149833,0.0304013942782427,3.068
2026-03-10,-0.05228758169934644,0.0014187315799003462,0.00017778150041783863,-0.0007734756269153261,0.028563534488054827,3.06
2026-03-12,-0.049228749589760534,0.0020248986605164777,-7.307873079488448e-05,-0.002111628056770192,0.05192313791957921,3.047
2026-03-16,-0.04062087186261565,0.0014957885322011122,0.001265433748153363,-0.0018492605414195372,0.050070979727825614,3.028
2026-03-18,-0.027677100494233997,0.0019513954298799891,0.00020350734493249626,-0.0015167530382482856,0.04743319447215995,3.035
2026-03-20,-0.01893811295231651,0.0008592359369429553,0.0007992984092331704,-0.0011802824021757501,0.0539633596821446,2.957
2026-03-24,0.026896551724137963,0.5352108643863447,-0.0008955845376704705,-0.2698091196726805,0.05721448901464005,2.9
2026-03-26,0.025888850535036312,0.3009002742642074,-0.0005858613330582361,-0.3748115939966888,0.04923929103712404,2.897
2026-03-30,0.03166953528399308,0.3032869541479649,-0.0006377404714373519,-0.3747282405143573,0.045600182078099315,2.905
2026-04-01,0.021348695357505942,0.001551470985838098,-5.768780950209594e-05,-0.0007672431740025,0.0355071882699825,2.951
2026-04-03,0.036539124439848525,0.0010979575472402144,-0.0003065405746602686,-0.0014875556804019488,0.04010818040185929,2.901
2026-04-08,0.00906648757555395,0.003357499143980855,-0.0015718495244040097,-0.0012964810195148144,0.056251820234934476,2.978
2026-04-10,0.015477792732166762,0.0027753224764576795,-0.0005413761837503451,-0.0013190994655227174,0.05394669714072765,2.972
2026-04-14,0.009009009009009139,0.0027018836529309432,-0.0005708121388876309,-0.0015122166020700202,0.051954863433886084,2.997
2026-04-16,0.015925680159256883,0.0023431558675827283,0.0006176777616258538,-0.0007035674875267387,0.04995682622920902,3.014
2026-04-20,0.03192550714998332,0.002568276997557492,0.0011216279447272418,-0.0009086514642255687,0.04536674951676336,3.007
2026-04-22,0.036938435940099934,0.0025576034039961155,0.0008099713674689819,-0.0007918257269475034,0.043181626244386956,3.005
2026-04-24,0.03479125248508952,0.002127642027616037,0.0009111216965283678,-0.0010904453418062428,0.04153803491476277,3.018
2026-04-28,0.0036375661375662727,0.0019129346206858795,-6.405194817116837e-05,-0.0007169128999490566,0.03788653094913354,3.024
2026-04-30,-0.011757021554539504,0.0016184466723573017,7.841661604442935e-05,-0.0007115242453186337,0.035606879781237104,3.062
2026-05-07,-0.035127296165001654,0.0010068119496149364,0.00039209052778140234,-4.21297830386628e-05,0.034219206863040724,3.103
2026-05-11,-0.02471116816431318,0.0005124436604061352,0.00042307007287295236,0.00022993078083971913,0.03340012672566938,3.116
